1789907433341,0
1789907438401,7854
1789907443536,21456
1789907448680,39175
1789907453846,57160
1789907459158,73645
1789907464419,95327
1789907469610,113516
1789907474888,139230
1789907480230,159962
1789907485511,183710
1789907491175,208798
1789907496557,232226
1789907501985,257858
1789907507549,282579
1789907513595,308152
1789907519690,330727
1789907527121,356248
1789907532960,377701
1789907539008,401744
1789907544980,420570
1789907551306,427607
1789907557758,439391
1789907563795,454441
1789907569636,466631
1789907575577,478528
1789907582028,490521
1789907588303,502716
1789907596326,515720
1789907603662,525690
1789907610293,546383
1789907616509,561399
1789907622585,573817
1789907629098,586316
1789907635183,599550
1789907641336,611977
1789907647537,624496
1789907653857,637160
1789907660265,650036
1789907667090,663077
1789907673538,676878
1789907680088,690140
1789907686657,703374
1789907693747,716888
1789907700996,731084
1789907707963,746121
1789907714795,760336
1789907721747,774243
1789907729489,786910
1789907735462,786810
1789907741391,786610
1789907747298,786510
1789907753249,786310
1789907759191,786110
1789907765144,785910
1789907771277,785910
1789907777272,785710
1789907783455,785510
1789907789485,785410
1789907797343,785310
1789907803539,785210
1789907810071,785110
1789907816126,785010
1789907822193,784810
1789907828209,784710
1789907834315,784510
1789907840376,784410
1789907846336,784210
1789907852585,784010
1789907858973,783910
1789907865294,783810
1789907872604,783710
1789907878739,783610
1789907884711,783410
1789907890651,783310
1789907896664,783110
1789907902633,783010
1789907908599,782810
1789907914675,782610
1789907920669,782510
1789907926595,782310
1789907932521,782110
1789907938525,782010
1789907944513,781810
1789907950463,781710
1789907956516,781510
1789907962533,781310
1789907968467,781210
1789907974450,781010
1789907980430,780810
1789907987000,780710
1789907992980,780610
1789907998979,780410
1789908004932,780210
1789908010864,780110
1789908016872,779910
1789908022858,779810
1789908028867,779610
1789908034819,779510
1789908040805,779310
1789908047813,779210
1789908054157,779110
1789908060235,779010
1789908066929,778810
1789908073867,778610
1789908079947,778510
1789908085913,778410
1789908092101,778210
1789908098188,778110
1789908104263,778010
1789908110275,777810
1789908116531,777710
1789908122536,777610
1789908128563,777410
1789908134837,777310
1789908141147,777110
1789908147260,777010
1789908153391,776810
1789908159407,776710
1789908165483,776610
1789908172242,776410
1789908178330,776310
1789908184356,776110
1789908191040,776010
1789908197129,775910
1789908203252,775710
1789908211502,775610
1789908217619,775410
1789908223649,775310
1789908230325,775110
1789908236561,775010
1789908242582,774810
1789908248999,774610
1789908256037,774610
1789908263088,774410
1789908270552,774310
1789908277682,774210
1789908284019,774110
1789908290278,774010
1789908299303,773910
1789908305476,773810
1789908311632,773710
1789908317896,773610
1789908324197,773410
1789908330699,773310
1789908337272,773210
1789908344186,773010
1789908350624,772910
1789908360434,772810
1789908368413,772710
1789908378973,772610
1789908389325,772610
1789908396458,772610
1789908402857,772510
1789908408975,772310
1789908415980,772210
1789908422154,772010
1789908428220,771910
1789908434385,771810
1789908440528,771610
1789908446580,771510
1789908453463,771310
1789908459717,771210
1789908465954,771010
1789908472620,771010
1789908479482,770810
1789908485537,770610
1789908491798,770510
1789908498869,770410
1789908506592,770310
1789908512723,770210
1789908518776,770110
1789908524739,770010
1789908531722,769810
1789908539248,769710
1789908545639,769610
1789908552279,769510
1789908558967,769310
1789908565287,769210
1789908571870,769110
1789908578767,768910
1789908585353,768910
1789908592778,768710
1789908599134,768610
1789908605594,768510
1789908612214,768410
1789908618441,768210
1789908624746,768110
1789908631480,768010
