district_id,election_type,name,prefectures,order
shugiin_smd.13.01,shugiin_smd,東京1区,13,1
shugiin_smd.13.02,shugiin_smd,東京2区,13,2
shugiin_smd.27.01,shugiin_smd,大阪1区,27,3
shugiin_smd.31.01,shugiin_smd,鳥取1区,31,4
shugiin_pr.tokyo,shugiin_pr,比例代表 東京ブロック,13,1
shugiin_pr.kinki,shugiin_pr,比例代表 近畿ブロック,25;26;27;28;29;30,2
shugiin_pr.chugoku,shugiin_pr,比例代表 中国ブロック,31;32;33;34;35,3
sangiin_district.13,sangiin_district,東京都選挙区,13,1
sangiin_district.27,sangiin_district,大阪府選挙区,27,2
sangiin_district.31_32,sangiin_district,鳥取県・島根県選挙区（合区）,31;32,3
sangiin_pr.national,sangiin_pr,参議院比例代表（全国）,01;02;03;04;05;06;07;08;09;10;11;12;13;14;15;16;17;18;19;20;21;22;23;24;25;26;27;28;29;30;31;32;33;34;35;36;37;38;39;40;41;42;43;44;45;46;47,1
governor.13,governor,東京都知事,13,1
governor.27,governor,大阪府知事,27,2
governor.31,governor,鳥取県知事,31,3
pref_assembly.13.01,pref_assembly,東京都議会 千代田区選挙区,13,1
pref_assembly.27.01,pref_assembly,大阪府議会 大阪市北区選挙区,27,2
municipal_head.13.101,municipal_head,千代田区長,13,1
municipal_head.27.127,municipal_head,大阪市北区長,27,2
municipal_assembly.13.101,municipal_assembly,千代田区議会議員,13,1
municipal_assembly.27.127,municipal_assembly,大阪市北区議会議員,27,2
supreme_court_review.national,supreme_court_review,最高裁判所裁判官国民審査（全国）,01;02;03;04;05;06;07;08;09;10;11;12;13;14;15;16;17;18;19;20;21;22;23;24;25;26;27;28;29;30;31;32;33;34;35;36;37;38;39;40;41;42;43;44;45;46;47,1
